<application>
  <component name="TodoConfiguration">
    <multiLine>false</multiLine>
    <pattern pattern="\btodo\b.*" />
    <pattern pattern="\bfixme\b.*" />
    <pattern icon="question" useCustomColors="true" case-sensitive="true" pattern="\bSEC\b.*">
      <option name="FOREGROUND" value="b31c28" />
      <option name="ERROR_STRIPE_COLOR" value="93c72c" />
    </pattern>
    <pattern icon="important" useCustomColors="true" case-sensitive="true" pattern="\bVUL-\b.*">
      <option name="FOREGROUND" value="b31c28" />
      <option name="FONT_TYPE" value="1" />
      <option name="ERROR_STRIPE_COLOR" value="93c72c" />
    </pattern>
    <pattern useCustomColors="true" case-sensitive="true" pattern="\bOK\b.*">
      <option name="FOREGROUND" value="3ab328" />
      <option name="ERROR_STRIPE_COLOR" value="93c72c" />
    </pattern>
  </component>
</application>